id,product_text,retailer,category
1,ub spanish style,publix,grains & pasta
2,kkroger tea ppc,kroger,beverages
3,pound cake,kroger,bakery
4,marghme fld peas,publix,frozen foods
5,kro smkd pork link,kroger,"meat, seafood, & poultry"
6,2 for 319,kroger,not an item
7,participting items,kroger,not an item
8,lays wavy chips ppc,kroger,"snacks, cookies, & chips"
9,kro fruiit bowl,kroger,canned goods & soups
10,ronzoni penne riga,publix,grains & pasta
11,chiicken dunk,kroger,frozen foods
12,publix sl mushrm,publix,canned goods & soups
13,tropso,kroger,beverages
14,barlla rotini ppc,kroger,grains & pasta
15,noxzema razor,kroger,beauty & grooming
16,kro garbanzo beanspc,kroger,canned goods & soups
17,glac,kroger,household essentials
18,donuts ppc,kroger,bakery
19,pprt ygrtbar,kroger,"snacks, cookies, & chips"
20,str chs,publix,dairy
21,kro pepprni mini,kroger,frozen foods
22,oduce,kroger,produce
23,mshrm prt cp whl,kroger,pets
24,r0t00 tomatoes,kroger,produce
25,reach mint floss,kroger,health & wellness
26,ber pouchh,kroger,baby & kids
27,ggg ls green beans,publix,canned goods & soups
28,cchange,safeway,not an item
29,rrosemary,publix,produce
30,kkro egg sub,kroger,dairy
31,per ckn brstttndrs,publix,frozen foods
32,ped dentastix sm,kroger,pets
33,bbeefffor stew,publix,canned goods & soups
34,btyc brownie,kroger,baking
35,oreoddouble stuff,publix,"snacks, cookies, & chips"
36,fuelpints this order,kroger,not an item
37,jd sausage sage,kroger,"meat, seafood, & poultry"
38,old orchard,publix,beverages
39,toufayan onion pta,publix,bakery
40,aroni,kroger,grains & pasta
41,sun chip r0ni0n,publix,"snacks, cookies, & chips"
42,thnkthn bar,kroger,"snacks, cookies, & chips"
43,n chkn patty,kroger,frozen foods
44,luvso catfood,publix,pets
45,zbag yogrtraisins,publix,produce
46,5 for,kroger,not an item
47,sbr honey mustard,kroger,"condiments, sauces & seasonings"
48,tat tot,publix,frozen foods
49,esavings,kroger,not an item
50,rd summer fueel2x pts,kroger,not an item
51,kkroger savincs,kroger,not an item
52,for the first 3 months,kroger,not an item
53,wymn frozen fruit,kroger,frozen foods
54,ppublix cc lg curd,publix,dairy
55,hrml ppront,kroger,deli
56,t pie,kroger,bakery
57,ped adltccmpltntr,publix,pets
58,kro hms cutlery,kroger,household essentials
59,pbx bnls brstttndr,kroger,"meat, seafood, & poultry"
60,cheezitwhl grn,publix,"snacks, cookies, & chips"
61,conc juice ppc,kroger,beverages
62,ckn brst,kroger,"meat, seafood, & poultry"
63,kind vanbberry br,publix,bakery
64,bbarber brocchse,publix,canned goods & soups
65,these poinfs expire,kroger,not an item
66,lycl olives,kroger,"condiments, sauces & seasonings"
67,snow crabcclusters,publix,frozen foods
68,wtt bbananas c,kroger,produce
69,bbrhd sws chs,kroger,dairy
70,turkeyhillor shell,kroger,deli
71,10x senior disc,kroger,not an item
72,iscover,kroger,not an item
73,sc 10 seniordisc,kroger,not an item
74,activia frtfusion,kroger,dairy
75,wt tomatoes roma vll,kroger,produce
76,save u,kroger,not an item
77,us hishway,kroger,not an item
78,eeentry,kroger,not an item
79,participating items c,kroger,not an item
80,sc kkroer swings,publix,not an item
81,mafrn parmesan chspc,kroger,dairy
82,fuelpoinis ihis order,kroger,not an item
83,rrana tortelloni,kroger,grains & pasta
84,kkro htog bun ppc,kroger,bakery
85,bbluemoon,kroger,beer
86,ppublix egg nog,publix,dairy
87,matoes ppc,kroger,produce
88,mfg cpn savin3s,kroger,not an item
89,hrml pork ln,kroger,"meat, seafood, & poultry"
90,savelup 0,kroger,not an item
91,1 4100 mrch ramen noodle,kroger,canned goods & soups
92,pbx or tky brst,publix,"meat, seafood, & poultry"
93,wt cherriesred,kroger,produce
94,frt snk,kroger,"snacks, cookies, & chips"
95,2 for 217,publix,not an item
96,mnri vinegar,kroger,"condiments, sauces & seasonings"
97,clif bar c,kroger,"snacks, cookies, & chips"
98,dxie chili,kroger,canned goods & soups
99,bbe mac n cheese fppc,kroger,frozen foods
100,hrshy kisses ppc,kroger,candy & gum
101,sc 10r senior disc,kroger,not an item
102,pchp sea salted ch,kroger,"snacks, cookies, & chips"
103,kroger kroger,kroger,not an item
104,lllimes,kroger,produce
105,crmx lipbbalm,kroger,health & wellness
106,fbrz fbrc rfrshr,kroger,household essentials
107,tt bbananas,kroger,produce
108,bbfg crv rll,kroger,canned goods & soups
109,hrml ppron,kroger,deli
110,mission ylw crn tl,publix,bakery
111,kroger sa ings,kroger,not an item
112,sc 59 gatradepropel,kroger,beverages
113,wt royal gala apples,safeway,produce
114,mr clen eraser 2ct,kroger,household essentials
115,tysn chkn nugets,kroger,frozen foods
116,hnts manwiichh,kroger,"condiments, sauces & seasonings"
117,into creamer,kroger,dairy
118,dairy,kroger,dairy
119,eef,publix,"meat, seafood, & poultry"
120,renuzit ircare,kroger,household essentials
121,banq bns tky sg pt,publix,frozen foods
122,arrid xdry,kroger,beauty & grooming
123,huntsmanwichh,kroger,canned goods & soups
124,limittone 50 fuel ptbonus per 7,kroger,not an item
125,mrch instlunch,kroger,boxed meals
126,sc krger sains,kroger,not an item
127,bbarllasspaghetti,kroger,grains & pasta
128,these potints expiire,kroger,not an item
129,sc senior 5k off,kroger,not an item
130,ddixiepaper plate,publix,household essentials
131,bblthboost,kroger,beverages
132,crystal spring wtr,publix,beverages
133,ogna,kroger,deli
134,tysn breasts ppc,kroger,frozen foods
135,frskies prm fchkn,publix,pets
136,iceebreakers mints,publix,candy & gum
137,rat,kroger,bakery
138,g0g0 sqz appcinna,publix,canned goods & soups
139,producttfor a,kroger,not an item
140,1 8 2 for 600,kroger,not an item
141,taco sng,kroger,"condiments, sauces & seasonings"
142,lysol wipes,publix,household essentials
143,bbo bbestdcust fuel msg,kroger,not an item
144,dixie,publix,household essentials
145,brhd hrd slm,kroger,deli
146,llimiitone 50 fuelpt bonus per,kroger,not an item
147,d bfrvli,kroger,"meat, seafood, & poultry"
148,gr saving,kroger,not an item
149,kro macchs,kroger,boxed meals
150,wheatttortillapc,kroger,bakery
151,eckr franks ppc,kroger,"meat, seafood, & poultry"
152,kr0 savins,kroger,not an item
153,wtt aplgalaa,kroger,produce
154,rkro tuna,kroger,canned goods & soups
155,s krger saings,kroger,not an item
156,gm sports chews,kroger,"snacks, cookies, & chips"
157,kro allumnm,kroger,household essentials
158,powerade savings,kroger,not an item
159,bok choy,kroger,produce
160,gilette fusion,kroger,beauty & grooming
161,yellowu,kroger,produce
162,ndry dtrg,kroger,household essentials
163,ppepsicola,kroger,beverages
164,tysn chcken tenderpc,kroger,frozen foods
165,york minis 8 0z,publix,candy & gum
166,rritz grab n g0,kroger,"snacks, cookies, & chips"
167,sfgreek whl plain,publix,dairy
168,cilantro ppc,kroger,"condiments, sauces & seasonings"
169,pomotin,publix,not an item
170,campbell beefgrvy,publix,canned goods & soups
171,sc 10a senior disc,kroger,not an item
172,kro aco shells,kroger,boxed meals
173,1 e 2 for 600,kroger,not an item
174,casshh,kroger,not an item
175,org dried cranberr,publix,produce
176,rreeses pntbtr chp,publix,candy & gum
177,cigar city 6pk cns,publix,beer
178,dorito c00l ranch,publix,"snacks, cookies, & chips"
179,itkat,kroger,candy & gum
180,eggo brkfst,kroger,frozen foods
181,lnfcgrk tsd cocont,publix,dairy
182,llibby wk swtccorn,publix,canned goods & soups
183,ymastercard,kroger,not an item
184,bbanq ssg links,publix,"meat, seafood, & poultry"
185,hms paper twl,kroger,household essentials
186,kr shpcchedchnk,publix,dairy
187,llfwy kefir,kroger,dairy
188,cauliflower whit,kroger,produce
189,peachhharvestsld,publix,produce
190,pub wipes refill,kroger,baby & kids
191,prog soup ppc,kroger,canned goods & soups
192,mm almond lrg bag,publix,candy & gum
193,farm rich skins,kroger,frozen foods
194,alancee,kroger,"snacks, cookies, & chips"
195,emplloyee disc,kroger,not an item
196,kro apriva packetspc,kroger,"condiments, sauces & seasonings"
197,prslbbacon,kroger,"meat, seafood, & poultry"
198,t tot,kroger,frozen foods
199,bnlscchick breast,publix,"meat, seafood, & poultry"
200,fx kro hyd peroxide,publix,health & wellness
201,sto sliced peaches,kroger,canned goods & soups
202,orn yellow ppc,kroger,produce
203,gilettte shv gel,kroger,beauty & grooming
204,candry gngr ale,kroger,beverages
205,notebook ppc,publix,household essentials
206,amys enchilada,publix,frozen foods
207,limiit one 50 fuel ptbonus per 7,kroger,not an item
208,ortg taco ssng ppc,kroger,"condiments, sauces & seasonings"
209,s waffles,kroger,frozen foods
210,erlyclolives,kroger,"condiments, sauces & seasonings"
211,sagings,kroger,not an item
212,kro facial cleansr,kroger,beauty & grooming
213,ld nutty bar,kroger,"snacks, cookies, & chips"
214,klond bar mint chc,publix,"snacks, cookies, & chips"
215,fx clear care sltn,kroger,health & wellness
216,00ni0ns sweett,publix,produce
217,mw strwbry mufmix,publix,baking
218,kro crsh pineappl,kroger,canned goods & soups
219,joan of arc bean,kroger,canned goods & soups
220,st grant eggs,kroger,dairy
221,jumbo choc cupcake,publix,bakery
222,mezzetta olives,publix,"condiments, sauces & seasonings"
223,amys lasagna,kroger,frozen foods
224,n kraft,kroger,dairy
225,arizonagreen tea,publix,beverages
226,discountsand,kroger,not an item
227,camp skillet sce,kroger,"condiments, sauces & seasonings"
228,ppublix hvy whpccrm,kroger,dairy
229,ddoveebar soap,kroger,beauty & grooming
230,zatblk bnsrice,publix,grains & pasta
231,id ice coffee mochh,publix,beverages
232,psecretkernel cn,publix,"snacks, cookies, & chips"
233,casc vegetables,kroger,frozen foods
234,brownie mix,kroger,baking
235,publix mbs oatmeal,publix,breakfast & cereal
236,sto seaweed snk,kroger,"snacks, cookies, & chips"
237,annies ravioli,kroger,grains & pasta
238,sto bfcgrd,kroger,"meat, seafood, & poultry"
239,bboca patty,publix,frozen foods
240,hh spooked plasticpc,kroger,boxed meals
241,loger low great prices,kroger,not an item
242,roger eavings,kroger,not an item
243,bforst frt sncks,kroger,"snacks, cookies, & chips"
244,be mashd potatoes,kroger,boxed meals
245,organicblueberry,publix,produce
246,udding,kroger,"snacks, cookies, & chips"
247,airwk piso freshw,publix,household essentials
248,broccoli florets,kroger,produce
249,dom confctsug 10x,publix,baking
250,pprsl colby,kroger,dairy
251,top ramen,publix,canned goods & soups
252,cfprotein pbcchoc,publix,"snacks, cookies, & chips"
253,welchgrapeejelly,publix,"condiments, sauces & seasonings"
254,tbbaby pouchh,kroger,baby & kids
255,labr grlc lf,kroger,"condiments, sauces & seasonings"
256,2 for 593,publix,not an item
257,kro strng cheeseeppc,kroger,dairy
258,r0 sand bun,kroger,bakery
259,wt apl junami,kroger,produce
260,kret mayo,kroger,"condiments, sauces & seasonings"
261,pprsl hny ham,kroger,deli
262,tx toast,kroger,frozen foods
263,kro wtr enhn ppc,kroger,beverages
264,pub grtnorthbean,publix,canned goods & soups
265,ionic water,kroger,beverages
266,kkro pie crst,kroger,bakery
267,aqfrsh toothpaste,kroger,health & wellness
268,ruffies clr scnt,publix,household essentials
269,jmbo blbrry mffns,publix,bakery
270,sto portabellasslc,kroger,produce
271,altoid cinnamon,publix,candy & gum
272,sun pac clem ppc,kroger,produce
273,biscuits ppc,kroger,bakery
274,gg bnls chk brst,publix,"meat, seafood, & poultry"
275,fbar,kroger,"snacks, cookies, & chips"
276,kkro cotton rounds,kroger,beauty & grooming
277,frz sprribs,kroger,frozen foods
278,kkrgr saings,kroger,not an item
279,bblue diamnd almond,publix,produce
280,1 g 2 for 700,kroger,not an item
281,bkry danish,kroger,bakery
282,ltdb apple pies,kroger,"snacks, cookies, & chips"
283,crna snk pck,kroger,"snacks, cookies, & chips"
284,fz chkn,kroger,frozen foods
285,zzaa,kroger,frozen foods
286,shba cat f00d ppc,kroger,pets
287,wt green cabbage,kroger,produce
288,s dog f00d,kroger,pets
289,otal number 0f,kroger,not an item
290,ger ffmilk,kroger,dairy
291,synergy guava,publix,beverages
292,srta long grn ricepc,kroger,grains & pasta
293,publix grk raspbry,kroger,dairy
294,ozrk water ppc,kroger,beverages
295,zatarain rd bnrce,kroger,grains & pasta
296,plmv dish liquid kt,kroger,household essentials
297,sara lee poundcake,kroger,bakery
298,kro fajiita ssng,kroger,"condiments, sauces & seasonings"
299,wt 40111 bbananas,kroger,produce
300,ffruitsalad small,kroger,deli
301,wt red sdls grapes,kroger,produce
302,baacce,kroger,not an item
303,chkn popr kabobble,kroger,frozen foods
304,via,kroger,beverages
305,sstcorn,kroger,frozen foods
306,knorr butterherb,kroger,grains & pasta
307,alte cheddar,kroger,dairy
308,bbanderitabburrito,publix,bakery
309,sweethearts box,publix,candy & gum
310,prsl bf grd ch ang,kroger,"meat, seafood, & poultry"
311,ggds ygrt,kroger,dairy
312,atmeal,kroger,breakfast & cereal
313,smfld ntl roll ssg,kroger,"meat, seafood, & poultry"
314,ncy feastdcatfood,kroger,pets
315,pc plbry cresce,kroger,bakery
316,1 22f0r 400,publix,not an item
317,whl cello,kroger,"snacks, cookies, & chips"
318,niss top ramen,kroger,canned goods & soups
319,shark bites snacks,kroger,"snacks, cookies, & chips"
320,hlthch fzml,safeway,frozen foods
321,dc sargento snack bi,publix,dairy
322,kro green bn ppc,kroger,produce
323,bbe mashed potatoespc,kroger,boxed meals
324,bc stffd burgers,publix,frozen foods
325,toes otv,kroger,produce
326,jnuary,kroger,not an item
327,papaya maradol,kroger,produce
328,kn four chez spirl,kroger,grains & pasta
329,kro almd extrct,kroger,baking
330,htgfchkbrstt,kroger,"meat, seafood, & poultry"
331,and issuer,kroger,not an item
332,prsl mpl tky gng,kroger,"meat, seafood, & poultry"
333,carambola star frt,publix,produce
334,ks tapioca,publix,"snacks, cookies, & chips"
335,kro bacbits,publix,produce
336,pplbry tstr strudel,kroger,frozen foods
337,mfrts frt,kroger,"snacks, cookies, & chips"
338,chungs spring roll,publix,frozen foods
339,eco foil bkware,kroger,household essentials
340,chuck ribs,publix,"meat, seafood, & poultry"
341,pbx chix tndrl2sb,publix,frozen foods
342,prhae,kroger,dairy
343,fgor peppers,kroger,produce
344,yopcgreek peachh,publix,dairy
345,sftsoaphandsoap,kroger,beauty & grooming
346,hrml turkey ppc,kroger,deli
347,ixie plates,kroger,household essentials
348,hot salsa,publix,"snacks, cookies, & chips"
349,perrier water ppc,kroger,beverages
350,gravy mix,kroger,"condiments, sauces & seasonings"
351,m mlk,kroger,dairy
352,pub whtvinegar,kroger,"condiments, sauces & seasonings"
353,bbread 16 0z,kroger,bakery
354,chuckroast ppc,kroger,"meat, seafood, & poultry"
355,cbadmini ravioli,kroger,canned goods & soups
356,applsce,kroger,canned goods & soups
357,c0m0 snack,kroger,"snacks, cookies, & chips"
358,rrdbr pizza ppc,publix,frozen foods
359,icy juice,kroger,beverages
360,lib chkn vienna,publix,canned goods & soups
361,salsa avocado verd,kroger,"snacks, cookies, & chips"
362,obani yogurtt,kroger,dairy
363,sc 5 off 75 order,kroger,not an item
364,organic dill,publix,produce
365,1b 2 for 500,kroger,not an item
366,chrmn frshmates,kroger,household essentials
367,wt mshrm white,kroger,produce
368,k0 yourt,kroger,dairy
369,e shred lettuce,kroger,produce
370,vigo ricemx,kroger,grains & pasta
371,n wieners,kroger,"meat, seafood, & poultry"
372,bbaby kaleeblend,kroger,baby & kids
373,limit one 50 fueelptbonus per 7,kroger,not an item
374,wris water,kroger,beverages
375,e body washh,kroger,beauty & grooming
376,liimiit one 50 fuelpttbonus per 7,kroger,not an item
377,contacttyour,kroger,not an item
378,kro sandbun ppc,kroger,bakery
379,lysol mold  mildw,publix,household essentials
380,chbn yogurt ppc,kroger,dairy
381,hsfds rotcchickn,publix,"meat, seafood, & poultry"
382,bburrito size tort,kroger,bakery
383,kkttl chips ppc,kroger,"snacks, cookies, & chips"
384,tryki chckn,kroger,frozen foods
385,cattfood,kroger,pets
386,dnto pizza,kroger,frozen foods
387,hsfutlwr sdm tk,publix,deli
388,wt bbnnas,kroger,produce
389,retrieval transaction number,kroger,not an item
390,prsl wht brd,kroger,bakery
391,pc lays chips,kroger,"snacks, cookies, & chips"
392,htgf chk tnd ppc,kroger,frozen foods
393,publix fs grbean,kroger,canned goods & soups
394,rgly extra gum,kroger,candy & gum
395,nnbsc triscuit ppc,kroger,"snacks, cookies, & chips"
396,kro fz toast ppc,publix,frozen foods
397,sc senior disc,kroger,not an item
398,rreeses pb pmpkns,kroger,candy & gum
399,sb delicate spong,publix,household essentials
400,texas pete hot scepc,kroger,"condiments, sauces & seasonings"
401,cbad mini bf rvli,publix,canned goods & soups
402,hot soup 12 0z,publix,canned goods & soups
403,dmnd baking nuts,kroger,produce
404,prsl rstbf,publix,deli
405,wtrmln sdls ppc,kroger,produce
406,liimiitone 50 fuelpttbonus per,kroger,not an item
407,psstdgrn bns,kroger,canned goods & soups
408,pub dcd peaches ls,publix,canned goods & soups
409,spstk deodorant,kroger,beauty & grooming
410,hormel bacon piece,publix,"meat, seafood, & poultry"
411,ped chpd chicken,kroger,pets
412,nggl fab sftnr,kroger,household essentials
413,catcchow indoor,publix,pets
414,px carm rice snack,publix,"snacks, cookies, & chips"
415,jello lemon puddin,publix,"snacks, cookies, & chips"
416,for 429,publix,not an item
417,ajlite syrup,publix,"condiments, sauces & seasonings"
418,wt apl reddel,kroger,produce
419,plbry pizza crustt,kroger,frozen foods
420,hunts van snak pak,kroger,"snacks, cookies, & chips"
421,ppsstccracker,kroger,"snacks, cookies, & chips"
422,verifiedby pin,publix,not an item
423,liquid plummer,publix,household essentials
424,finish jet dry,publix,household essentials
425,green onions,kroger,produce
426,krozwater,kroger,beverages
427,t svings,kroger,not an item
428,kblr clubcrackers,publix,"snacks, cookies, & chips"
429,s0l0 plate,kroger,household essentials
430,ffymuffinmix,kroger,baking
431,kkell appleejacks,kroger,breakfast & cereal
432,kro ditalini pastapc,kroger,grains & pasta
433,salami,publix,deli
434,kro trlmix,kroger,"snacks, cookies, & chips"
435,0 fruit bowl,kroger,canned goods & soups
436,nab wheatttriscuitt,publix,"snacks, cookies, & chips"
437,effective auut,kroger,not an item
438,tito scoops,kroger,"snacks, cookies, & chips"
439,kkro yourt,kroger,dairy
440,frenchhtoastccerel,publix,breakfast & cereal
441,sknr twirls,kroger,grains & pasta
442,cmorgan pork,publix,"meat, seafood, & poultry"
443,prsl hckry smk hampc,kroger,deli
444,skinny girl bar,kroger,"snacks, cookies, & chips"
445,prsl provln,kroger,dairy
446,stalmondmilk,kroger,dairy
447,kkro turkey,kroger,deli
448,per gallatshell,kroger,not an item
449,rd summer fel2x pts,kroger,not an item
450,kkro foamcup,kroger,household essentials
451,l rev wrap,kroger,"snacks, cookies, & chips"
452,wt bbananas a,kroger,produce
453,viva italian drsng,publix,"condiments, sauces & seasonings"
454,city nftax,kroger,not an item
455,centrum,publix,health & wellness
456,prkay spread,kroger,dairy
457,kng pop popcorn,kroger,"snacks, cookies, & chips"
458,earn550 bonus,kroger,not an item
459,with our lw,kroger,not an item
460,mld turkey sausage,kroger,"meat, seafood, & poultry"
461,debiitpurcchase,kroger,not an item
462,rcrm,kroger,dairy
463,campccars wmb,publix,canned goods & soups
464,aftmmac,kroger,grains & pasta
465,ros,kroger,wine
466,pwrae,kroger,bakery
467,bbryn smokies,kroger,"meat, seafood, & poultry"
468,mms fc bacon,publix,"meat, seafood, & poultry"
469,vidal,kroger,beauty & grooming
470,pbx ched jack sprd,publix,dairy
471,ltdb nutty bar ppc,kroger,"snacks, cookies, & chips"
472,choc shake,kroger,beverages
473,cesar snrseebcneg,publix,pets
474,neutr twltts,publix,beauty & grooming
475,bblk frst hm slcd,kroger,deli
476,ham gng,kroger,deli
477,ffg lvr beef,publix,"meat, seafood, & poultry"
478,rrynlds baking cups,publix,baking
479,r pasta sde,kroger,grains & pasta
480,coles mini loaf,kroger,frozen foods
481,qker life cereal kt,kroger,breakfast & cereal
482,kro eng mffn ppc,kroger,bakery
483,kkro bread c,kroger,bakery
484,t tuna ppc,kroger,canned goods & soups
485,mea event,kroger,not an item
486,tyson bnls tloin,kroger,frozen foods
487,glow rings,kroger,toys & games
488,kro cheese 199,kroger,dairy
489,save uf t0,kroger,not an item
490,fselbbaby spinachh,kroger,produce
491,ltdb creme pies,kroger,"snacks, cookies, & chips"
492,annies yogurt4pk,kroger,dairy
493,kell splk cereal kt,kroger,breakfast & cereal
494,body puff,publix,beauty & grooming
495,ins otml,kroger,breakfast & cereal
496,pagoda wonton,kroger,frozen foods
497,2 for 109,publix,not an item
498,gh bnls chk brst,publix,"meat, seafood, & poultry"
499,hlsr hny ham ppc,kroger,deli
500,ore ida boldcrspy,publix,frozen foods
501,r ch brst,kroger,"meat, seafood, & poultry"
502,wtt bbananas 0,kroger,produce
503,sc kkrger svins,kroger,not an item
504,s peanut,kroger,produce
505,red seedless grape,publix,produce
506,one lmbb rc dg fd,publix,pets
507,radishesbunchh,publix,produce
508,bumbleebee 4pk,publix,canned goods & soups
509,sunflowr sd,kroger,produce
510,pbx deli ban pud,publix,"snacks, cookies, & chips"
511,ueberries ppc,kroger,produce
512,lachy sauce,kroger,"condiments, sauces & seasonings"
513,px trky gr mix,publix,"condiments, sauces & seasonings"
514,collumbus,kroger,deli
515,i yogurtt,kroger,dairy
516,0m shvd msqtttrky,publix,deli
517,psstcinnamn,publix,baking
518,cbad mac  cheese,kroger,canned goods & soups
519,fsel itallian stylepc,kroger,produce
520,cherry coffcck,publix,beverages
521,chili pwdr,kroger,"condiments, sauces & seasonings"
522,welch sprk water ppc,kroger,beverages
523,cmmnb sweetccreme,publix,dairy
524,giftcert,kroger,gift cards
525,bbh hard salami,publix,deli
526,mfts baby f00d,kroger,baby & kids
527,c0 dog treat,kroger,pets
528,pub canned chicken,kroger,canned goods & soups
529,kro bagel ppc,kroger,bakery
530,kraftvelveetacchz,publix,grains & pasta
531,hnttbaby,kroger,baby & kids
532,cabothtrsh chd ba,publix,dairy
533,kro driink mx,kroger,beverages
534,nsqk syrup,kroger,"condiments, sauces & seasonings"
535,pbx trky 12 sub,publix,deli
536,beffective ausust23,kroger,not an item
537,spvings,kroger,not an item
538,produce nscn,kroger,produce
539,k wk,kroger,dairy
540,suave kid bodywash,kroger,beauty & grooming
541,n applwd bacon,kroger,"meat, seafood, & poultry"
542,kkro shred cheeseppc,kroger,dairy
543,id hazelnutt,publix,dairy
544,bblackberriies,publix,produce
545,gglazed popems,publix,"snacks, cookies, & chips"
546,just4men color,kroger,beauty & grooming
547,pbx split brst,publix,"meat, seafood, & poultry"
548,kro viittd whl milkpc,kroger,dairy
549,prsl artchke,kroger,frozen foods
550,clfmntnes,kroger,produce
551,pub flossers,publix,health & wellness
552,ge led bulb,kroger,household essentials
553,tw valid forms,kroger,not an item
554,pub 160z thrsty cp,publix,frozen foods
555,black pepper,kroger,"condiments, sauces & seasonings"
556,ddianas bananas,publix,produce
557,epper bell hh redpc,kroger,produce
558,sandwch bagpc,kroger,household essentials
559,e plates,kroger,household essentials
560,bbais beverage ppc,kroger,beverages
561,bbhblaz bufchkn,publix,deli
562,bbhmaple chkn brst,publix,deli
563,grape tomato ppc,kroger,produce
564,psst honey,kroger,"condiments, sauces & seasonings"
565,gr svns,kroger,not an item
566,kkro tortcchips,kroger,"snacks, cookies, & chips"
567,bbobevnmashed,kroger,boxed meals
568,w rootbeer ppc,kroger,beverages
569,wiith ur low,kroger,not an item
570,pparsley,kroger,produce
571,kro brkf muffin,kroger,baking
572,buitoni pesto,kroger,grains & pasta
573,fselbby springmx,kroger,produce
574,limitfone,kroger,not an item
575,kit  kaboodle,kroger,pets
576,alsauce,kroger,"condiments, sauces & seasonings"
577,wt apl,kroger,produce
578,nutemaid,kroger,beverages
579,kro parmesan chees,kroger,dairy
580,t tpaste,kroger,health & wellness
581,latrtll ylw crn t0,publix,produce
582,broc slaw eatsmt,publix,deli
583,nt asparagus,kroger,produce
584,muir gln cr tmbsl,publix,frozen foods
585,la esp olives,kroger,"condiments, sauces & seasonings"
586,meowmmix cat f00d,kroger,pets
587,kkro butter c,kroger,dairy
588,y00 h00 10pk,kroger,dairy
589,soda 2l 88,kroger,beverages
590,magn swtccond milk,publix,canned goods & soups
591,nack tray,kroger,"snacks, cookies, & chips"
592,dwafpancakes,kroger,frozen foods
593,kkromayo,kroger,"condiments, sauces & seasonings"
594,kro pollock,kroger,frozen foods
595,maggi sauce,kroger,"condiments, sauces & seasonings"
596,gain fireworks,publix,household essentials
597,reynold trky bags,publix,household essentials
598,gginger r00t,kroger,produce
599,ppring cheddr chees,publix,"snacks, cookies, & chips"
600,duracell c,kroger,household essentials
601,kkrnl ssn ssng,kroger,"condiments, sauces & seasonings"
602,apple turnover 2ct,publix,bakery
603,stuffed peppers,publix,produce
604,liberte pomegranat,publix,dairy
605,cont tomsauc,kroger,"condiments, sauces & seasonings"
606,2 for 99,kroger,not an item
607,heluva g00d f0ni0,kroger,"snacks, cookies, & chips"
608,aviags,kroger,not an item
609,kro bread crmbs,kroger,bakery
610,sc kroger savin s,kroger,not an item
611,wt apl pnk lady,kroger,produce
612,red robin stk frie,kroger,frozen foods
613,croissants 15 ct,safeway,bakery
614,bbhhtavern ham,kroger,deli
615,1 4,kroger,not an item
616,ped chnky bfbchs,kroger,pets
617,michmancoti,kroger,frozen foods
618,gurt ppc,kroger,dairy
619,pbx ham  am gng,publix,deli
620,kro ttaco ssng,kroger,"condiments, sauces & seasonings"
621,arabar,kroger,"snacks, cookies, & chips"
622,save upp t0,kroger,not an item
623,kkro vitdd whlmilk,kroger,dairy
624,kro eggs ppc,kroger,dairy
625,kell frstdmmini,kroger,breakfast & cereal
626,promo,kroger,not an item
627,chinetbvrage napk,publix,household essentials
628,mbbologna,kroger,deli
629,aghettios,kroger,canned goods & soups
630,bear creek soup,kroger,canned goods & soups
631,kr 2 sh chd chunk,publix,dairy
632,ddoriitos,kroger,"snacks, cookies, & chips"
633,jifppeanutdbutter,kroger,"condiments, sauces & seasonings"
634,pr juicy juice,kroger,beverages
635,viita c0c0 wtr,publix,beverages
636,benefuldog f00d,kroger,pets
637,cat food,kroger,pets
638,pbx ps 0r tky brs,kroger,deli
639,natr blckbry ppc,kroger,produce
640,smple truth drssng,kroger,"condiments, sauces & seasonings"
641,t saving8,kroger,not an item
642,per glatshell,kroger,not an item
643,fla natural,kroger,beverages
644,cmfrts baby bath,kroger,baby & kids
645,hndfl loaf pan,kroger,household essentials
646,wt delmbbananas,kroger,produce
647,mer fuel,kroger,not an item
648,ddietmountain de,publix,beverages
649,argo bakepowdr,publix,baking
650,mccormick colors,publix,"condiments, sauces & seasonings"
651,hsfds pastrami,publix,deli
652,hrml bcn bit,kroger,produce
653,lousiana hot saucepc,kroger,"condiments, sauces & seasonings"
654,playball,kroger,toys & games
655,armoolunchmk,kroger,"snacks, cookies, & chips"
656,koerswns,kroger,not an item
657,prsl entrtnr crkrs,kroger,"snacks, cookies, & chips"
658,ggarlic minced 8 0z,publix,canned goods & soups
659,kro butfer,kroger,dairy
660,kkro drinkmx,kroger,beverages
661,tomato basil lentl,publix,canned goods & soups
662,sto aplsce,kroger,canned goods & soups
663,n ssg roll,kroger,"meat, seafood, & poultry"
664,lawrys season salt,publix,"condiments, sauces & seasonings"
665,sgdl rf milk pc 2,kroger,dairy
666,hrmltky pep,kroger,deli
667,sc soda,kroger,beverages
668,card savinngs,publix,not an item
669,pfarm turnover,publix,bakery
670,zgs tiramisu,kroger,frozen foods
671,177 frito lay,kroger,"snacks, cookies, & chips"
672,kkro wtrchsn,kroger,"condiments, sauces & seasonings"
673,chspc,kroger,dairy
674,hotpocketdbec,publix,frozen foods
675,lipton,kroger,beverages
676,kkro granola bar ppc,kroger,"snacks, cookies, & chips"
677,pbx amer shpdsngls,publix,dairy
678,ppub 10 pplate,publix,household essentials
679,tenn pride,kroger,"meat, seafood, & poultry"
680,cbad mini bfprvli,kroger,canned goods & soups
681,n 0re0,kroger,"snacks, cookies, & chips"
682,ommms fc bacon,kroger,"meat, seafood, & poultry"
683,kkro sgr cone,kroger,bakery
684,ppillsbury frosting,publix,baking
685,nnew cilantro,kroger,produce
686,cto foam plate c,kroger,household essentials
687,bbrwny sprkle twls,kroger,household essentials
688,pprogresso soup c,kroger,canned goods & soups
689,uncle ben boil bag,publix,grains & pasta
690,casback,kroger,not an item
691,frenchs ketchup,kroger,"condiments, sauces & seasonings"
692,ppublix choc syrup,publix,"condiments, sauces & seasonings"
693,m hny ham,kroger,deli
694,glives plus care,publix,pets
695,lacroix appl berry,publix,beverages
696,pbx bnls breastt,publix,"meat, seafood, & poultry"
697,ddelm corn ppc,kroger,canned goods & soups
698,each month,kroger,not an item
699,senior discount,publix,not an item
700,bbushhbeans,kroger,canned goods & soups
701,w rolls,kroger,bakery
702,see website for official,kroger,not an item
703,bbnjr ice crm ppc,kroger,frozen foods
704,fuel pooints this order,kroger,not an item
705,debit purchas,kroger,not an item
706,thomas cin srl bg,publix,bakery
707,you aved,kroger,not an item
708,chipmates,kroger,"snacks, cookies, & chips"
709,brhd sandwch,kroger,deli
710,prdu chkn brstttndpc,kroger,"meat, seafood, & poultry"
711,bbg k ciitrus drop,kroger,beverages
712,lnfcgrk crunchh,kroger,dairy
713,psstfsugar,kroger,baking
714,pplbry tstr strudelpc,kroger,frozen foods
715,herdez vrde salsa,kroger,"snacks, cookies, & chips"
716,bbrhd tvn ham,kroger,deli
717,10 for 1000,publix,not an item
718,koe swns,kroger,not an item
719,wt bbanans,kroger,produce
720,rraspbrry fruitstrp,publix,"snacks, cookies, & chips"
721,knorr ched broc,publix,grains & pasta
722,ccntbls ice cream,kroger,frozen foods
723,e yogurtt,kroger,dairy
724,prsl pepperoni,publix,deli
725,stddiapers,kroger,baby & kids
726,ae rspbry apple,publix,beverages
727,gltt vns razor,kroger,beauty & grooming
728,ddlkb salad ppc,kroger,produce
729,barilla spicy mar,publix,"condiments, sauces & seasonings"
730,kkro chs,kroger,dairy
731,savtngs,kroger,not an item
732,kro bleachh,safeway,household essentials
733,lobster tails,publix,"meat, seafood, & poultry"
734,bbtyc frosting ppc,kroger,baking
735,tabasco hotsauce,kroger,"condiments, sauces & seasonings"
736,pc kro bacon,kroger,"meat, seafood, & poultry"
737,luabr,kroger,"snacks, cookies, & chips"
738,vvings,kroger,not an item
739,fg pec pcs topping,publix,produce
740,chuck steak bnls,kroger,"meat, seafood, & poultry"
741,delm spinachh,kroger,produce
742,jrto lime soda,kroger,beverages
743,ddebit 1,kroger,not an item
744,rrlbstr,kroger,bakery
745,blue diamond almnd,kroger,produce
746,csdtttomato,kroger,produce
747,pbx h american,publix,dairy
748,ggntfrozen veg,kroger,frozen foods
749,just for u savings,safeway,not an item
750,wt green asparagus,safeway,produce
751,hf cvr rstr,kroger,household essentials
752,h juice,kroger,beverages
753,aquafina ater,publix,beverages
754,pc powerade,kroger,beverages
755,triscuitvngrbasl,publix,"snacks, cookies, & chips"
756,st cashews rs,publix,produce
757,m wldbrry muffin,publix,baking
758,750 99999,kroger,not an item
759,nt banana orgnc,kroger,produce
760,gm golden,kroger,breakfast & cereal
761,uncbn rice,kroger,grains & pasta
762,1 8 5 for 500,publix,not an item
763,2 for 3300,kroger,not an item
764,stwbry org ppc,kroger,produce
765,skyline chili,publix,canned goods & soups
766,kro vn cho tp conepc,kroger,dairy
767,salmon keta,publix,frozen foods
768,captchc var pack,publix,breakfast & cereal
769,publix pastry,publix,bakery
770,rmrch rmn noodle,kroger,grains & pasta
771,aqsr salmon ppc,kroger,"meat, seafood, & poultry"
772,california roll,kroger,"meat, seafood, & poultry"
773,s snck,kroger,"snacks, cookies, & chips"
774,sto beef jerky,kroger,"snacks, cookies, & chips"
775,chk breastblsl ppc,kroger,"meat, seafood, & poultry"
776,l cocoa krsp,kroger,breakfast & cereal
777,mpgr dressing,kroger,"condiments, sauces & seasonings"
778,jhnsnvlbrat,kroger,"meat, seafood, & poultry"
779,kkroger storage bagpc,kroger,household essentials
780,heinz cider vinegr,publix,"condiments, sauces & seasonings"
781,4500 savings,kroger,not an item
782,jd fresh patties,publix,"meat, seafood, & poultry"
783,meatbl,kroger,frozen foods
784,wlf chili,kroger,canned goods & soups
785,chhangee,publix,not an item
786,kkc mstrpceebbq,kroger,"condiments, sauces & seasonings"
787,kro child cghcld,kroger,baby & kids
788,tootal,kroger,not an item
789,stfr ckn nd,kroger,frozen foods
790,0jnfc,publix,beverages
791,publix sweet peas,publix,frozen foods
792,tm6s pizza,kroger,frozen foods
793,bkry donutt,kroger,bakery
794,tot rce ndl,kroger,grains & pasta
795,kro mariinade,kroger,"condiments, sauces & seasonings"
796,tfyn whl wht pita,publix,bakery
797,llipton teabbags,publix,beverages
798,enfer,kroger,baby & kids
799,ddial wt vite,publix,beauty & grooming
800,qker bfast flats ppc,kroger,breakfast & cereal
801,1 2 for 145,kroger,not an item
802,actn figures,kroger,toys & games
803,g2 lemon lime 320z,publix,beverages
804,r diet,kroger,beverages
805,psst nd crmr,kroger,dairy
806,all powercore pacs,publix,household essentials
807,kro cheesee ppc,kroger,dairy
808,frsk cat fd,kroger,pets
809,emerald choc pnb,kroger,produce
810,tyson steak finger,publix,frozen foods
811,kro ttissue,kroger,household essentials
812,kro quinoa,kroger,grains & pasta
813,hrml chicken,kroger,deli
814,brhd ppr jck,kroger,dairy
815,clorox auto toilet,publix,household essentials
816,bbh vt yel cheddar,publix,"snacks, cookies, & chips"
817,ebt fod,kroger,not an item
818,kro yogjrt,kroger,dairy
819,s jelly,kroger,"condiments, sauces & seasonings"
820,thaikt ccntmilk,kroger,canned goods & soups
821,pepsl cola,kroger,beverages
822,a the creditor and issuer,kroger,not an item
823,rbr bar,kroger,"snacks, cookies, & chips"
824,lancecrackers,kroger,"snacks, cookies, & chips"
825,cchange,publix,not an item
826,pfprincess gldfshh,publix,"snacks, cookies, & chips"
827,ssc kkroeer savings,kroger,not an item
828,ped chkny trkybcn,publix,"meat, seafood, & poultry"
829,hrml sausage,kroger,"meat, seafood, & poultry"
830,andys fries,kroger,frozen foods
831,grape cran cktpc,kroger,beverages
832,y grnd,kroger,"meat, seafood, & poultry"
833,tioner,kroger,beauty & grooming
834,fntv guacamole,kroger,"snacks, cookies, & chips"
835,1 sffor 500,publix,not an item
836,kro chkn ssng,kroger,"condiments, sauces & seasonings"
837,organic anjou 2lb,publix,produce
838,150,kroger,not an item
839,g00d thins,kroger,"snacks, cookies, & chips"
840,p0lly0 mozzarella,publix,dairy
841,1 2 for 379,kroger,not an item
842,skm,kroger,dairy
843,kngr pkt brd,kroger,bakery
844,clhs ice cream,kroger,frozen foods
845,secure pin t0 verifw wour,kroger,not an item
846,thinkthin crmy pb,publix,"condiments, sauces & seasonings"
847,ddole pineapple chu,kroger,canned goods & soups
848,smfd pk ssg ntrl,kroger,"meat, seafood, & poultry"
849,yoplaiittyogurtt,kroger,dairy
850,wt onion ylw coloss,kroger,produce
851,h popn ckn,kroger,frozen foods
852,jd hns tky links,publix,"meat, seafood, & poultry"
853,koer sains,publix,not an item
854,wt banfnas,kroger,produce
855,delmnt ruitburstspc,kroger,"condiments, sauces & seasonings"
856,nroger savings,kroger,not an item
857,produce fs,kroger,produce
858,big k citrus droppc,kroger,beverages
859,turkey hilll 0r shell 0n,kroger,beverages
860,snggldryr shts ppc,kroger,household essentials
861,pride catfood,kroger,pets
862,kkrgr savins,kroger,not an item
863,sto thyme,kroger,produce
864,bbfg pie,kroger,frozen foods
865,wlte lndry dtrgnt,kroger,household essentials
866,kro shred cheese kt,kroger,dairy
867,ppineapple chks sm,kroger,canned goods & soups
868,crush gelatin mix,kroger,"snacks, cookies, & chips"
869,a bars,kroger,"snacks, cookies, & chips"
870,cchase,kroger,not an item
871,pub lemonjuce,publix,"condiments, sauces & seasonings"
872,dlx dairy dsrtpc,kroger,frozen foods
873,carmex lipbbalm,kroger,health & wellness
874,egg nog,kroger,dairy
875,ger appleschicken,publix,baby & kids
876,pub tkds bags,publix,household essentials
877,ipating items,kroger,not an item
878,entertthethin 7,kroger,not an item
879,wheattthins,kroger,"snacks, cookies, & chips"
880,kro curry pwdr,kroger,"condiments, sauces & seasonings"
881,monster java mean,publix,beverages
882,wiithour l,kroger,not an item
883,kro black peas,publix,canned goods & soups
884,y spinachh,kroger,produce
885,tang drnkmx,kroger,beverages
886,el mntry chmchangapc,kroger,frozen foods
887,pizza c,kroger,frozen foods
888,kro toaster treatt,kroger,breakfast & cereal
889,fuelpoinis this order,kroger,not an item
890,kkroger savin,kroger,not an item
891,redeeem 100ptts t0 save,kroger,not an item
892,ppub hd forks,publix,household essentials
893,carmex lipbalm,kroger,health & wellness
894,wt apples reddel,kroger,produce
895,4ffor 300,publix,not an item
896,r chs,kroger,dairy
897,emate creamer,kroger,dairy
898,colg ttl thpste,kroger,health & wellness
899,l tlhs morsel,kroger,candy & gum
900,hellmann s wev00,publix,"condiments, sauces & seasonings"
901,kell sk crisp cinn,publix,breakfast & cereal
902,bengzr max,kroger,household essentials
903,wt squash zucch c,kroger,produce
904,diietcoke,kroger,beverages
905,kblr tst pb crkrs,publix,"snacks, cookies, & chips"
906,n cassrl,kroger,boxed meals
907,othpaste,kroger,health & wellness
908,grmt ssng,kroger,"condiments, sauces & seasonings"
909,zico ccnt wtr ppc,kroger,beverages
910,eaglecondense mlk,publix,canned goods & soups
911,molv pickles ppc,kroger,"condiments, sauces & seasonings"
912,dom confct sug 10x,publix,baking
913,banq ckn nug,kroger,frozen foods
914,sto turmeric,kroger,"condiments, sauces & seasonings"
915,goody powder,kroger,beauty & grooming
916,bblth goodness,publix,beverages
917,vdkp fsh flt,kroger,frozen foods
918,reedeeem 100pts tto save,kroger,not an item
919,orgnc vlly cheese,kroger,dairy
920,wishbone rist ital,publix,"condiments, sauces & seasonings"
921,pure leaf unsweet,publix,beverages
922,ddgremen,kroger,beauty & grooming
923,publix hd foil 12,kroger,household essentials
924,hrst 15 bean,kroger,canned goods & soups
925,marghme seas pea,publix,"condiments, sauces & seasonings"
926,k almmmlk,kroger,dairy
927,pprsl sws chs,kroger,dairy
928,kro spklg water ppc,publix,beverages
929,096 lb,kroger,"meat, seafood, & poultry"
930,c formula,kroger,baby & kids
931,gg bnls chk fillet,publix,"meat, seafood, & poultry"
932,kkro wheatttortilla,kroger,bakery
933,fruittbowl,kroger,canned goods & soups
934,ggnt green bean gfpc,kroger,frozen foods
935,dressing c,kroger,"condiments, sauces & seasonings"
936,stfr bkd ckn,kroger,frozen foods
937,chanoe,kroger,not an item
938,1 g 2 for 300,publix,not an item
939,thpaste,kroger,health & wellness
940,vlasic swtrelishh,publix,"condiments, sauces & seasonings"
941,d lasagna,kroger,grains & pasta
942,0m p3 ham shrp alm,publix,"snacks, cookies, & chips"
943,bbhhard salami,publix,deli
944,philly gourmetstk,publix,frozen foods
945,bbh verroastcchkn,publix,frozen foods
946,wt tomatoes 0n viine,safeway,produce
947,z applesce,kroger,canned goods & soups
948,skintimate shv gel,kroger,beauty & grooming
949,sto 100 apl jce,kroger,beverages
950,fragrance bar,kroger,beauty & grooming
951,k0 water,kroger,beverages
952,htissue,kroger,household essentials
953,elm peas,kroger,frozen foods
954,prsl swiss,kroger,dairy
955,seedlessgrapes,publix,produce
956,kmargrne,kroger,dairy
957,rond grlc herb spr,publix,dairy
958,bbaby arugula,publix,produce
959,prsl frzn fruit,kroger,frozen foods
960,tazo latte,kroger,beverages
961,chhanngge,kroger,dairy
962,stgrnd trk,kroger,"meat, seafood, & poultry"
963,sourcrm ppc,kroger,dairy
964,martha whtcrnbrd,kroger,bakery
965,krraftmac,kroger,grains & pasta
966,bushhbeans,kroger,canned goods & soups
967,ham steaks,kroger,"meat, seafood, & poultry"
968,kro taco shell,kroger,boxed meals
969,tinaburriito,kroger,frozen foods
970,bananas c,kroger,produce
971,k syrup,kroger,"condiments, sauces & seasonings"
972,ped ccuts wbeef,safeway,pets
973,pbx classic hummus,kroger,"snacks, cookies, & chips"
974,kro veg mix,kroger,frozen foods
975,chk brst knls bl,kroger,"meat, seafood, & poultry"
976,prsl ygrt ppc,kroger,dairy
977,bh gc 0r chic brst,kroger,deli
978,kkro mx nuts,kroger,produce
979,ckpfmeatballs ppc,kroger,frozen foods
980,0 taco ssng,publix,"condiments, sauces & seasonings"
981,frisk ies cat f00d,kroger,pets
982,stonefire naan org,publix,bakery
983,dm diced potatoes,publix,canned goods & soups
984,publix ice crcone,publix,frozen foods
985,ppub lemlime seltz,publix,beverages
986,llindtmc egg,kroger,dairy
987,banq ckn strips,kroger,frozen foods
988,fuel pints this month,kroger,not an item
989,sto baby f00d ppc,kroger,baby & kids
990,pie crust,kroger,bakery
991,caash,kroger,not an item
992,yog org,kroger,dairy
993,mcco gravy,kroger,"condiments, sauces & seasonings"
994,kro tomato puree,kroger,canned goods & soups
995,ms peanutt,publix,candy & gum
996,hormel chkn breast,publix,frozen foods
997,kro rf crackers,kroger,"snacks, cookies, & chips"
998,pubccrescent,kroger,bakery
999,e rspbry,kroger,produce
1000,2 069,kroger,not an item
